ARS1176__00740_1906665	gbkmags	pepm
ARS1279__00032_2026725	gbkmags	pepm
ARS1414__00426_1906665	gbkmags	pepm
ARS1419__00986_2026803	gbkmags	pepm
ARS1434__03789_2026780	gbkmags	pepm
ARS1441__00623_2026803	pelagibacterales	pepm
ARS16__01585_1898112	gbkmags	pepm
ARS17__01379_1978231	gbkmags	pepm
ARS23__03082_2026773	gbkmags	pepm
ARS27__00866_1898112	gbkmags	pepm
ARS3__01365_1909299	gbkmags	pepm
ARS34__00567_2026724	gbkmags	pepm
ARS95__01133_2026760	gbkmags	pepm
CMI55__00340_2026774	gbkmags	pepm
CPC1232__01520_2024853	gbkmags	pepm
CPC1365__00518_1913989	gbkmags	pepm
CPC319__00225_1871037	gbkmags	pepm
CPC319__00441_1871037	gbkmags	pepm
CPC38__01568_1870903	gbkmags	pepm
EAC121__00659_1913989	gbkmags	pepm
EAC36__01171_1898112	gbkmags	pepm
EAC64__01907_2024836	gbkmags	pepm
MED__01684_2024836	gbkmags	pepm
MED641__00343_1913989	gbkmags	pepm
MED656__01108_1913989	gbkmags	pepm
MED660__00371_2026735	gbkmags	pepm
MED672__01708_28185	gbkmags	pepm
MED675__00403_1898112	gbkmags	pepm
MED743__01348_2026739	gbkmags	pepm
MED784__00356_2026760	gbkmags	pepm
MED784__00454_2026760	gbkmags	pepm
NAT172__00961_2026734	gbkmags	pepm
NAT185__00632_1904441	pelagibacterales	pepm
NAT198__00195_2026760	gbkmags	pepm
NAT221__00550_2024844	gbkmags	pepm
NAT232__00512_2026754	gbkmags	pepm
NAT241__00555_2026754	gbkmags	pepm
NAT267__00046_2026724	gbkmags	pepm
NAT267__00760_2026724	gbkmags	pepm
NAT267__01192_2026724	gbkmags	pepm
NAT278__01711_2024844	gbkmags	pepm
NAT441__00123_2026724	gbkmags	pepm
NAT503__00021_2026724	gbkmags	pepm
NAT7__00826_2003363	gbkmags	pepm
NAT74__00746_2026760	gbkmags	pepm
NP1051__00536_1898112	gbkmags	pepm
NP1069__00574_2026788	gbkmags	pepm
NP1106__00816_1898112	gbkmags	pepm
NP113__03606_1898112	gbkmags	pepm
NP1207__00852_1898112	gbkmags	pepm
NP124__06496_1873897	gbkmags	pepm
NP153__00761_2026725	gbkmags	pepm
NP21__02512_1913989	gbkmags	pepm
NP37__01316_2026725	gbkmags	pepm
NP69__03299_2026779	gbkmags	pepm
NP85__00211_2026770	gbkmags	pepm
NP86__05587_2026779	gbkmags	pepm
NP931__01288_1913989	gbkmags	pepm
NP931__01326_1913989	gbkmags	pepm
NP932__01156_2026760	gbkmags	pepm
NP956__02269_2026735	gbkmags	pepm
NP978__00044_1883427	gbkmags	pepm
REDSEA-S03_B5__00334_1811661	gbkmags	pepm
REDSEA-S28_B5__04224_1811547	gbkmags	pepm
RS361__01653_1898112	gbkmags	pepm
RS382__01863_1898112	gbkmags	pepm
RS386__00404_1898112	gbkmags	pepm
RS410__00602_1977087	gbkmags	pepm
RS434__00073_1898112	gbkmags	pepm
RS451__00450_2026731	gbkmags	pepm
RS451__00601_2026731	gbkmags	pepm
RS510__01059_2026724	gbkmags	pepm
RS678__01131_2026747	gbkmags	pepm
RS697__01606_1898112	gbkmags	pepm
RS726__00468_1913989	gbkmags	pepm
RS813__00867_2024896	gbkmags	pepm
SAT124__00940_1913989	gbkmags	pepm
SAT126__00995_1898112	gbkmags	pepm
SAT1367__02212_1913989	gbkmags	pepm
SAT1446__00191_1869227	gbkmags	pepm
SAT1489__00867_2026788	gbkmags	pepm
SAT15__01477_2026724	gbkmags	pepm
SAT1507__02698_1898112	gbkmags	pepm
SAT201__00205_2026788	gbkmags	pepm
SAT204__00045_2026760	gbkmags	pepm
SAT207__00245_2026734	gbkmags	pepm
SAT207__00694_2026734	gbkmags	pepm
SAT2734__00380_2026754	gbkmags	pepm
SAT2788__01667_2026745	gbkmags	pepm
SAT45__01432_2026788	gbkmags	pepm
SAT91__00897_2026724	gbkmags	pepm
SP106__01057_2026788	gbkmags	pepm
SP118__01819_1904441	gbkmags	pepm
SP125__01746_2024836	gbkmags	pepm
SP154__00404_1898112	gbkmags	pepm
SP173__01526_2026760	gbkmags	pepm
SP18__02091_1898112	gbkmags	pepm
SP196__00217_2026724	gbkmags	pepm
SP196__01086_2026724	gbkmags	pepm
SP21__02934_2026715	gbkmags	pepm
SP218__01101_1913988	gbkmags	pepm
SP23__01785_2026801	gbkmags	pepm
SP23__01939_2026801	gbkmags	pepm
SP248__00778_2026724	gbkmags	pepm
SP25__01435_1913989	gbkmags	pepm
SP253__00048_2026724	gbkmags	pepm
SP253__00407_2026724	gbkmags	pepm
SP253__01241_2026724	gbkmags	pepm
SP253__01600_2026724	gbkmags	pepm
SP253__01668_2026724	gbkmags	pepm
SP253__01960_2026724	gbkmags	pepm
SP257__01328_2026724	gbkmags	pepm
SP265__00293_2024844	gbkmags	pepm
SP267__00053_2026724	gbkmags	pepm
SP276__00050_2026760	gbkmags	pepm
SP283__01812_1871037	gbkmags	pepm
SP289__01360_2026754	gbkmags	pepm
SP2972__01003_2026724	gbkmags	pepm
SP2986__00200_2026769	gbkmags	pepm
SP3__03286_1898112	gbkmags	pepm
SP3029__00996_2026754	gbkmags	pepm
SP3062__00391_2026739	gbkmags	pepm
SP310__00610_1913988	gbkmags	pepm
SP335__00152_1913989	gbkmags	pepm
SP354__01746_1898112	gbkmags	pepm
SP4044__00520_2026734	gbkmags	pepm
SP4045__00625_1913989	gbkmags	pepm
SP4045__01158_1913989	gbkmags	pepm
SP48__01170_2006849	gbkmags	pepm
SP8__03597_1898112	gbkmags	pepm
TMED122__00943_1986772	pelagibacterales	pepm
TMED167__00433_1986863	gbkmags	pepm
TMED174__00178_1986868	gbkmags	pepm
TMED191__00102_1986723	pelagibacterales	pepm
TMED36__00536_1986762	gbkmags	pepm
TMED37__02917_1986638	pelagibacterales	pepm
TMED72__01775_1986848	gbkmags	pepm
TMED8__01811_1986645	gbkmags	pepm
TMED81__00397_1986719	gbkmags	pepm
UBA1016__00409_1947453	gbkmags	pepm
UBA1102__01351_1947082	gbkmags	pepm
UBA1119__00182_1948582	gbkmags	pepm
UBA1137__01204_1952848	gbkmags	pepm
UBA1141__02673_1948469	gbkmags	pepm
UBA1151__01022_1948470	gbkmags	pepm
UBA1181__01574_1950382	gbkmags	pepm
UBA1182__01042_1950383	gbkmags	pepm
UBA1189__00931_1950386	gbkmags	pepm
UBA1192__00141_1950387	gbkmags	pepm
UBA1193__00068_1946779	gbkmags	pepm
UBA1202__00835_1947906	gbkmags	pepm
UBA1209__00359_1953438	gbkmags	pepm
UBA1212__00018_1946780	gbkmags	pepm
UBA1213__00323_1952275	gbkmags	pepm
UBA1221__00478_1947873	gbkmags	pepm
UBA1233__02371_1947699	gbkmags	pepm
UBA1240__00787_1947700	gbkmags	pepm
UBA1243__00120_1946781	gbkmags	pepm
UBA1244__01455_1952278	gbkmags	pepm
UBA1324__00527_1948358	gbkmags	pepm
UBA1340__00371_1948567	gbkmags	pepm
UBA1344__02453_1948568	gbkmags	pepm
UBA1345__02261_1948569	gbkmags	pepm
UBA1479__00866_1952849	gbkmags	pepm
UBA1666__00444_1947454	gbkmags	pepm
UBA1684__02742_817	gbkmags	pepm
UBA1684__03187_817	gbkmags	pepm
UBA1704__01232_1952902	gbkmags	pepm
UBA1711__00004_1950418	gbkmags	pepm
UBA1760__00703_1951986	gbkmags	pepm
UBA1829__03049_1948695	gbkmags	pepm
UBA1842__02490_1951769	gbkmags	pepm
UBA1851__00101_1946570	gbkmags	pepm
UBA1954__05031_1951770	gbkmags	pepm
UBA1999__02535_1952850	gbkmags	pepm
UBA2010__03947_1946396	gbkmags	pepm
UBA2027__00357_1946397	gbkmags	pepm
UBA208__01010_1915494	gbkmags	pepm
UBA2080__00229_316	gbkmags	pepm
UBA2083__02980_1946987	gbkmags	pepm
UBA2126__00515_1953218	gbkmags	pepm
UBA2139__01612_1952851	gbkmags	pepm
UBA2141__02283_1948478	gbkmags	pepm
UBA2153__00647_1953227	gbkmags	pepm
UBA2160__01368_1948481	gbkmags	pepm
UBA2165__02282_1952852	gbkmags	pepm
UBA2167__00737_1953104	gbkmags	pepm
UBA2190__02470_1953191	gbkmags	pepm
UBA2319__00234_1948664	gbkmags	pepm
UBA2330__02637_1948666	gbkmags	pepm
UBA237__01277_1915620	gbkmags	pepm
UBA2371__03266_1951778	gbkmags	pepm
UBA2440__00471_1948571	gbkmags	pepm
UBA2521__00318_1953076	gbkmags	pepm
UBA2524__01650_1509	gbkmags	pepm
UBA2526__01162_1946398	gbkmags	pepm
UBA2534__04075_1946399	gbkmags	pepm
UBA2559__01182_1950446	gbkmags	pepm
UBA2667__02843_1952853	gbkmags	pepm
UBA2719__00526_1952300	gbkmags	pepm
UBA2721__00969_1950452	gbkmags	pepm
UBA2721__01473_1950452	gbkmags	pepm
UBA2740__01836_1947103	gbkmags	pepm
UBA2762__01039_1947114	gbkmags	pepm
UBA2764__01286_1950456	gbkmags	pepm
UBA2778__02008_1952220	gbkmags	pepm
UBA2783__04273_327160	gbkmags	pepm
UBA2808__00182_1948247	gbkmags	pepm
UBA2809__00765_1947116	gbkmags	pepm
UBA2827__01627_1950461	gbkmags	pepm
UBA2836__01160_1947408	gbkmags	pepm
UBA2838__00517_1947120	gbkmags	pepm
UBA2839__00798_1952476	gbkmags	pepm
UBA2840__00129_1950463	gbkmags	pepm
UBA2853__02888_1946251	gbkmags	pepm
UBA2868__00791_1952003	gbkmags	pepm
UBA2876__01545_1952478	gbkmags	pepm
UBA2879__02130_1947709	gbkmags	pepm
UBA2888__00749_1952008	gbkmags	pepm
UBA2899__00390_1952479	gbkmags	pepm
UBA2900__01237_1265	gbkmags	pepm
UBA2910__00937_1950467	gbkmags	pepm
UBA2913__01427_1953023	gbkmags	pepm
UBA2929__01618_1947463	gbkmags	pepm
UBA2932__00570_1952016	gbkmags	pepm
UBA2942__01501_1952019	gbkmags	pepm
UBA2963__01101_1948489	gbkmags	pepm
UBA2988__00916_1951110	gbkmags	pepm
UBA3001__01845_1950202	gbkmags	pepm
UBA3216__00189_1264	gbkmags	pepm
UBA3223__00775_1950852	gbkmags	pepm
UBA3279__02187_1946473	gbkmags	pepm
UBA3282__02209_1952023	gbkmags	pepm
UBA3282__02343_1952023	gbkmags	pepm
UBA3288__00481_1947133	gbkmags	pepm
UBA3299__00912_1264	gbkmags	pepm
UBA3305__01224_1952028	gbkmags	pepm
UBA3310__01782_1952029	gbkmags	pepm
UBA3311__00144_1950856	gbkmags	pepm
UBA3402__01799_1946595	gbkmags	pepm
UBA3499__01612_1950205	gbkmags	pepm
UBA3504__00119_1948388	gbkmags	pepm
UBA3547__02717_28031	gbkmags	pepm
UBA3632__01812_1952036	gbkmags	pepm
UBA3644__00404_1952041	gbkmags	pepm
UBA3649__01554_1947711	gbkmags	pepm
UBA3653__01037_1950493	gbkmags	pepm
UBA3660__00143_1946784	gbkmags	pepm
UBA3661__01550_1265	gbkmags	pepm
UBA3662__00408_1947713	gbkmags	pepm
UBA3662__01065_1947713	gbkmags	pepm
UBA3666__01260_1952043	gbkmags	pepm
UBA3669__00389_1265	gbkmags	pepm
UBA3672__00870_1950496	gbkmags	pepm
UBA3691__01249_1947465	gbkmags	pepm
UBA3696__01209_1950502	gbkmags	pepm
UBA3700__00451_1946256	gbkmags	pepm
UBA3702__00925_1952484	gbkmags	pepm
UBA3704__02391_1947471	gbkmags	pepm
UBA3706__01917_1264	gbkmags	pepm
UBA3708__00581_1946785	gbkmags	pepm
UBA3717__00482_1950504	gbkmags	pepm
UBA3730__00389_1265	gbkmags	pepm
UBA3732__00040_1952051	gbkmags	pepm
UBA3745__01719_1950510	gbkmags	pepm
UBA3754__01864_1950513	gbkmags	pepm
UBA3766__00794_1952053	gbkmags	pepm
UBA3780__01374_1946716	gbkmags	pepm
UBA3781__00416_1946786	gbkmags	pepm
UBA3790__00570_1946717	gbkmags	pepm
UBA3791__02234_1265	gbkmags	pepm
UBA3795__00486_1952058	gbkmags	pepm
UBA3803__00968_1947884	gbkmags	pepm
UBA3810__00028_1950523	gbkmags	pepm
UBA3819__00181_1947717	gbkmags	pepm
UBA3820__00584_1952063	gbkmags	pepm
UBA3821__02073_1952064	gbkmags	pepm
UBA3825__01135_1264	gbkmags	pepm
UBA3827__00570_1947420	gbkmags	pepm
UBA3828__00868_1952066	gbkmags	pepm
UBA3833__01137_1946718	gbkmags	pepm
UBA3847__00485_1952068	gbkmags	pepm
UBA3850__01636_1952069	gbkmags	pepm
UBA3860__00757_1950532	gbkmags	pepm
UBA3865__01511_1952072	gbkmags	pepm
UBA3920__00666_1947985	gbkmags	pepm
UBA3936__00293_1947993	gbkmags	pepm
UBA3939__02405_1952930	gbkmags	pepm
UBA3940__01203_1950207	gbkmags	pepm
UBA4036__02263_1948572	gbkmags	pepm
UBA4085__01039_1953194	gbkmags	pepm
UBA4108__03437_1946358	gbkmags	pepm
UBA4129__02106_1946988	gbkmags	pepm
UBA4170__04704_1404	gbkmags	pepm
UBA4180__00197_477666	gbkmags	pepm
UBA4223__01593_1946534	gbkmags	pepm
UBA4245__01654_1947721	gbkmags	pepm
UBA4248__01838_1961467	gbkmags	pepm
UBA4256__00740_1952488	gbkmags	pepm
UBA4268__01076_1947155	gbkmags	pepm
UBA4273__02076_1947472	gbkmags	pepm
UBA4276__02372_1264	gbkmags	pepm
UBA4281__01473_1952082	gbkmags	pepm
UBA4295__00213_1950562	gbkmags	pepm
UBA4298__01630_1950563	gbkmags	pepm
UBA4300__01817_1952490	gbkmags	pepm
UBA4310__00734_1947424	gbkmags	pepm
UBA4314__00324_1946787	gbkmags	pepm
UBA4315__00779_1952493	gbkmags	pepm
UBA4324__00153_1264	gbkmags	pepm
UBA4338__00259_1952087	gbkmags	pepm
UBA4338__00957_1952087	gbkmags	pepm
UBA4342__00083_1946723	gbkmags	pepm
UBA4342__01138_1946723	gbkmags	pepm
UBA4364__02061_1952090	gbkmags	pepm
UBA4371__01881_1952499	gbkmags	pepm
UBA4377__01032_1947728	gbkmags	pepm
UBA4383__00449_1947428	gbkmags	pepm
UBA4392__02692_1947801	gbkmags	pepm
UBA4411__00275_1951558	gbkmags	pepm
UBA4455__02552_1948173	gbkmags	pepm
UBA4457__01411_1948174	gbkmags	pepm
UBA4486__00110_1953014	gbkmags	pepm
UBA4492__02317_1952858	gbkmags	pepm
UBA4548__00352_1946361	gbkmags	pepm
UBA4678__01466_1947731	gbkmags	pepm
UBA4707__00083_1947165	gbkmags	pepm
UBA4709__00867_1947573	gbkmags	pepm
UBA4713__00222_1947612	gbkmags	pepm
UBA4804__02376_1961473	gbkmags	pepm
UBA4924__00401_1948020	gbkmags	pepm
UBA4935__01370_1950600	gbkmags	pepm
UBA5101__01175_1952860	gbkmags	pepm
UBA5131__01253_1952102	gbkmags	pepm
UBA5152__00998_1953353	gbkmags	pepm
UBA5164__00477_1948503	gbkmags	pepm
UBA5210__01750_1947855	gbkmags	pepm
UBA5212__00502_1947473	gbkmags	pepm
UBA5261__02610_1950612	gbkmags	pepm
UBA5282__01149_1951318	gbkmags	pepm
UBA5297__04329_1961468	gbkmags	pepm
UBA5332__01414_1950896	gbkmags	pepm
UBA5332__01896_1950896	gbkmags	pepm
UBA5349__01594_1950624	gbkmags	pepm
UBA5396__01193_1952388	gbkmags	pepm
UBA541__00541_1915623	gbkmags	pepm
UBA5423__01209_1952395	gbkmags	pepm
UBA5429__01329_1950631	gbkmags	pepm
UBA543__00585_1917432	gbkmags	pepm
UBA544__00205_1916027	gbkmags	pepm
UBA5471__00736_1948063	gbkmags	pepm
UBA5530__03140_1946367	gbkmags	pepm
UBA5610__00330_1961379	gbkmags	pepm
UBA5685__02172_1952861	gbkmags	pepm
UBA5698__03993_1946989	gbkmags	pepm
UBA5702__03539_1946991	gbkmags	pepm
UBA5783__03103_1465	gbkmags	pepm
UBA5849__00727_1947475	gbkmags	pepm
UBA5856__00590_1947476	gbkmags	pepm
UBA5879__00831_1947171	gbkmags	pepm
UBA5918__01904_1950664	gbkmags	pepm
UBA6072__01813_1953196	gbkmags	pepm
UBA6081__01620_1947870	gbkmags	pepm
UBA6084__02430_1947477	gbkmags	pepm
UBA6093__01121_1961380	gbkmags	pepm
UBA6123__00939_1953419	gbkmags	pepm
UBA6153__01231_1961489	gbkmags	pepm
UBA6261__01718_1961492	gbkmags	pepm
UBA630__00794_1947174	gbkmags	pepm
UBA6328__00358_1947737	gbkmags	pepm
UBA6351__00511_1947739	gbkmags	pepm
UBA6352__00624_1950319	gbkmags	pepm
UBA6366__01340_1950685	gbkmags	pepm
UBA6381__01343_1947180	gbkmags	pepm
UBA6429__00739_1947187	gbkmags	pepm
UBA6447__01716_1947190	gbkmags	pepm
UBA647__01558_1953198	gbkmags	pepm
UBA6475__02599_1946696	gbkmags	pepm
UBA6488__02729_1946992	gbkmags	pepm
UBA6493__01461_1946993	gbkmags	pepm
UBA6531__00428_1953244	gbkmags	pepm
UBA6537__03700_1948513	gbkmags	pepm
UBA6544__01566_1948430	gbkmags	pepm
UBA6595__00357_1953442	gbkmags	pepm
UBA6614__01256_1948280	gbkmags	pepm
UBA667__02335_1946994	gbkmags	pepm
UBA6686__03966_1946776	gbkmags	pepm
UBA6697__00927_1946902	gbkmags	pepm
UBA6731__00330_1948200	gbkmags	pepm
UBA6735__03097_358	gbkmags	pepm
UBA6836__00189_1947196	gbkmags	pepm
UBA6844__01551_1947743	gbkmags	pepm
UBA6852__02242_1947744	gbkmags	pepm
UBA6890__00250_1947199	gbkmags	pepm
UBA6956__00337_1948525	gbkmags	pepm
UBA6974__00635_1952521	gbkmags	pepm
UBA6976__00447_1946800	gbkmags	pepm
UBA6980__01134_1946801	gbkmags	pepm
UBA7010__00162_77095	gbkmags	pepm
UBA7027__00547_1952125	gbkmags	pepm
UBA7044__01245_1950922	gbkmags	pepm
UBA7046__01139_1952126	gbkmags	pepm
UBA7076__00455_1952131	gbkmags	pepm
UBA7081__01638_1950923	gbkmags	pepm
UBA7110__00701_1952137	gbkmags	pepm
UBA7113__01782_1952138	gbkmags	pepm
UBA7122__00767_1946701	gbkmags	pepm
UBA7122__01101_1946701	gbkmags	pepm
UBA7129__02397_1946702	gbkmags	pepm
UBA7150__01496_1952142	gbkmags	pepm
UBA7170__01893_1952147	gbkmags	pepm
UBA7174__02163_1952148	gbkmags	pepm
UBA7175__00736_1950926	gbkmags	pepm
UBA7179__00539_1952149	gbkmags	pepm
UBA7182__03263_1952150	gbkmags	pepm
UBA7200__00452_1950928	gbkmags	pepm
UBA7202__03088_1952154	gbkmags	pepm
UBA7210__00538_1946704	gbkmags	pepm
UBA7218__01915_1952157	gbkmags	pepm
UBA7231__04641_1951791	gbkmags	pepm
UBA7274__00180_1947479	gbkmags	pepm
UBA7299__00869_1953253	gbkmags	pepm
UBA730__00409_1947214	gbkmags	pepm
UBA7324__00466_1953443	gbkmags	pepm
UBA7330__04588_1951792	gbkmags	pepm
UBA7357__00701_1953016	gbkmags	pepm
UBA7359__01503_1953017	gbkmags	pepm
UBA7421__00967_1951372	gbkmags	pepm
UBA745__01322_1947216	gbkmags	pepm
UBA7475__00323_1952688	gbkmags	pepm
UBA7480__02970_1952168	gbkmags	pepm
UBA752__01350_1947218	gbkmags	pepm
UBA753__01939_1947747	gbkmags	pepm
UBA7557__01131_1947220	gbkmags	pepm
UBA758__00691_1947222	gbkmags	pepm
UBA7590__01007_1947752	gbkmags	pepm
UBA7650__01114_1950748	gbkmags	pepm
UBA7655__00953_1946997	gbkmags	pepm
UBA7677__00626_1946117	gbkmags	pepm
UBA768__00773_1947754	gbkmags	pepm
UBA774__00127_1950752	gbkmags	pepm
UBA7744__00213_1952178	gbkmags	pepm
UBA7763__01855_1952183	gbkmags	pepm
UBA7833__00937_1948530	gbkmags	pepm
UBA7882__00946_1953258	gbkmags	pepm
UBA7883__01466_1953054	gbkmags	pepm
UBA7887__01290_1948447	gbkmags	pepm
UBA7893__00956_1948448	gbkmags	pepm
UBA832__01693_1950226	gbkmags	pepm
UBA946__01148_1947442	gbkmags	pepm
UBA973__00022_1953018	gbkmags	pepm
UBA981__00769_1948226	gbkmags	pepm
ATCC19188__00407_83231	geba	pepm
ATCC35185__00439_69823	geba	pepm
ATCC43058__02042_39484	geba	pepm
ATCC49890__03170_207340	geba	pepm
ATCC51630__00950_37372	geba	pepm
ATCC51630__01220_37372	geba	pepm
ATCC51933__01528_84379	geba	pepm
ATCCBAA-691__03733_257708	geba	pepm
DSM10491__02411_33074	geba	pepm
DSM11109__02299_60893	geba	pepm
DSM12168__00275_81028	geba	pepm
DSM14955__01207_204470	geba	pepm
DSM15055__01337_286730	geba	pepm
DSM16000__02551_171674	geba	pepm
DSM16054__03365_148	geba	pepm
DSM16511__01438_269261	geba	pepm
DSM17497__03573_78327	geba	pepm
DSM17683__03097_329858	geba	pepm
DSM17893__00963_287535	geba	pepm
DSM18065__03768_375761	geba	pepm
DSM18834__01368_339722	geba	pepm
DSM19096__00977_363872	geba	pepm
DSM19363__03640_452982	geba	pepm
DSM19509__01550_418856	geba	pepm
DSM19535__02296_454600	geba	pepm
DSM19719__01620_671224	geba	pepm
DSM19736__01417_28189	geba	pepm
DSM20455__03097_1264	geba	pepm
DSM20710__00089_28115	geba	pepm
DSM21527__02343_29510	geba	pepm
DSM21567__03108_369333	geba	pepm
DSM21604__02736_392320	geba	pepm
DSM21763__01223_217169	geba	pepm
DSM23594__00798_416586	geba	pepm
DSM25__02169_1465	geba	pepm
DSM43889__04171_65497	geba	pepm
DSM44171__04951_58116	geba	pepm
DSM44728__05666_283811	geba	pepm
DSM45090__00913_139808	geba	pepm
DSM45188__00257_427918	geba	pepm
DSM46235__00041_17	geba	pepm
DSM5886__01758_71235	geba	pepm
DSM6293__03375_64973	geba	pepm
DSM6644__00760_200	geba	pepm
DSM7084__00600_133926	geba	pepm
DSM7299__02999_28199	geba	pepm
DSM7488__00408_145458	geba	pepm
MMP00000032__00169_436308	marref	pepm
MMP00060985__03022_1313172	marref	pepm
MMP00713578__01438_749222	marref	pepm
MMP02471010__02087_886738	marref	pepm
MMP02598295__00674_338963	marref	pepm
MMP02598300__01234_318161	marref	pepm
MMP02598329__01427_323261	marref	pepm
MMP02598510__01308_472759	marref	pepm
MMP02598531__01220_105559	marref	pepm
MMP02604303__01308_312309	marref	pepm
MMP04909702__00803_29542	marref	pepm
MMP05428979__03052_1881061	marref	pepm
MMP05826283__03292_1458985	marref	pepm
MMP05826284__03330_1454205	marref	pepm
MMP06075352__01406_716816	marref	pepm
MMP06240846__00037_1332264	marref	pepm
MMP06323808__06869_1935	marref	pepm
MMP3245995__01626_1610576	marref	pepm
AG-319-F18__00261_2183128	pelagibacterales	pepm
AG-325-E08__00885_2182690	pelagibacterales	pepm
AG-345-F21__00664_2183171	pelagibacterales	pepm
AG-345-O09__00410_2182690	pelagibacterales	pepm
AG-365-D07__00355_2183145	pelagibacterales	pepm
AG-390-C22__00325_2183172	pelagibacterales	pepm
AG-410-D23__00709_2183139	pelagibacterales	pepm
AG-422-C23__00213_2183122	pelagibacterales	pepm
AG-426-G09__01187_2183147	pelagibacterales	pepm
AG-430-I06__00923_2182722	pelagibacterales	pepm
AG-430-L02__00055_2182722	pelagibacterales	pepm
AG-447-N18__00314_2182702	pelagibacterales	pepm
HTCC7217__00420_2182670	pelagibacterales	pepm
MED1153__00229_2183175	pelagibacterales	pepm
MED605__00189_2182713	pelagibacterales	pepm
MED605__01057_2182713	pelagibacterales	pepm
NAT182__01062_2183191	pelagibacterales	pepm
RS40__00847_2182711	pelagibacterales	pepm
SP38__00359_2183195	pelagibacterales	pepm
TMED216__00143_2183180	pelagibacterales	pepm
TMED64__01255_2182713	pelagibacterales	pepm
TMED65__01660_2183200	pelagibacterales	pepm
AAA795-I06__00178_2182768	prochlorococcus	pepm
AG-347-I06__01756_2182663	prochlorococcus	pepm
AG-347-I22__01066_2182663	prochlorococcus	pepm
AG-363-C20__01643_2182981	prochlorococcus	pepm
AG-402-K10__01727_2182885	prochlorococcus	pepm
AG-409-M05__01202_2183018	prochlorococcus	pepm
AG-418-O03__00634_2182816	prochlorococcus	pepm
AG-418-P13__01110_2182663	prochlorococcus	pepm
AG-436-C13__00172_2182948	prochlorococcus	pepm
AG-436-D21__01295_2182824	prochlorococcus	pepm
AG-469-F22__00530_2182667	prochlorococcus	pepm
AG-670-L08__00667_2182667	prochlorococcus	pepm
AG-670-O11__00464_2182747	prochlorococcus	pepm
SB__01744_2182663	prochlorococcus	pepm
specI-1007103_254_19	progenomes	pepm
specI-103733_20_163	progenomes	pepm
specI-1037911_1_4562	progenomes	pepm
specI-1040986_7_36	progenomes	pepm
specI-1041147_47_7	progenomes	pepm
specI-1041159_30_9	progenomes	pepm
specI-1042163_1_3299	progenomes	pepm
specI-1045858_1_1240	progenomes	pepm
specI-1054213_9_2	progenomes	pepm
specI-1054217_1_82	progenomes	pepm
specI-1056816_4_6868	progenomes	pepm
specI-1070319_88_62	progenomes	pepm
specI-1071679_3_120	progenomes	pepm
specI-1079460_58_10	progenomes	pepm
specI-1082705_11_48	progenomes	pepm
specI-1087481_32_137	progenomes	pepm
specI-1094184_55_8	progenomes	pepm
specI-1097668_1_699	progenomes	pepm
specI-1111479_7_38	progenomes	pepm
specI-1112274_1_2778	progenomes	pepm
specI-1116232_129_107	progenomes	pepm
specI-1116232_132_47	progenomes	pepm
specI-1116472_5_21	progenomes	pepm
specI-1117108_88_4	progenomes	pepm
specI-1118054_2_317	progenomes	pepm
specI-1121014_43_48	progenomes	pepm
specI-1121104_1_951	progenomes	pepm
specI-1121121_13_33	progenomes	pepm
specI-1121127_26_65	progenomes	pepm
specI-1121433_7_61	progenomes	pepm
specI-1121930_7_46	progenomes	pepm
specI-1122211_8_86	progenomes	pepm
specI-1122236_1_37	progenomes	pepm
specI-1122604_6_96	progenomes	pepm
specI-1122614_15_135	progenomes	pepm
specI-1122927_5_366	progenomes	pepm
specI-1123052_1_396	progenomes	pepm
specI-1123060_16_3	progenomes	pepm
specI-1123250_5_4	progenomes	pepm
specI-1123252_2_276	progenomes	pepm
specI-1123274_20_21	progenomes	pepm
specI-1123355_32_26	progenomes	pepm
specI-1124983_1_2163	progenomes	pepm
specI-1125699_1_1000	progenomes	pepm
specI-1125725_17_15	progenomes	pepm
specI-1127695_15_119	progenomes	pepm
specI-1131269_1_100	progenomes	pepm
specI-1133849_1_4344	progenomes	pepm
specI-1141662_1_1181	progenomes	pepm
specI-1151127_1_543	progenomes	pepm
specI-1157638_6_76	progenomes	pepm
specI-1169143_5_47	progenomes	pepm
specI-1172562_1_1066	progenomes	pepm
specI-1192124_106_4	progenomes	pepm
specI-1196322_166_1	progenomes	pepm
specI-1200557_2_215	progenomes	pepm
specI-1200567_38_3	progenomes	pepm
specI-1203602_1_1135	progenomes	pepm
specI-1204340_45_29	progenomes	pepm
specI-1206731_148_208	progenomes	pepm
specI-1206735_232_18	progenomes	pepm
specI-1212819_12_252	progenomes	pepm
specI-1212819_26_55	progenomes	pepm
specI-1214101_1_4099	progenomes	pepm
specI-1217718_76_14	progenomes	pepm
specI-1217720_27_3	progenomes	pepm
specI-1218074_56_194	progenomes	pepm
specI-1218075_73_68	progenomes	pepm
specI-1218076_69_45	progenomes	pepm
specI-1218078_27_43	progenomes	pepm
specI-1218084_118_3	progenomes	pepm
specI-1223570_1_1376	progenomes	pepm
specI-1229205_2_1638	progenomes	pepm
specI-1234664_79_17	progenomes	pepm
specI-1235797_1_1094	progenomes	pepm
specI-1235835_22_164	progenomes	pepm
specI-1236516_81_172	progenomes	pepm
specI-1245469_1_936	progenomes	pepm
specI-1266370_1_2557	progenomes	pepm
specI-1280666_6_81	progenomes	pepm
specI-1280692_1_287	progenomes	pepm
specI-1282356_1_388	progenomes	pepm
specI-1286093_36_28	progenomes	pepm
specI-1287182_33_52	progenomes	pepm
specI-1287182_41_8	progenomes	pepm
specI-1295642_1_1263	progenomes	pepm
specI-1297569_188_2	progenomes	pepm
specI-1298859_1_649	progenomes	pepm
specI-1304275_17_30	progenomes	pepm
specI-1306406_1_4965	progenomes	pepm
specI-1306990_69_4	progenomes	pepm
specI-1308866_85_7	progenomes	pepm
specI-1321786_21_6	progenomes	pepm
specI-132474_4_24	progenomes	pepm
specI-1325130_45_3	progenomes	pepm
specI-1336208_24_4	progenomes	pepm
specI-1341157_7_45	progenomes	pepm
specI-1345695_1_793	progenomes	pepm
specI-1347368_1_442	progenomes	pepm
specI-1348663_1_6114	progenomes	pepm
specI-1353529_48_12	progenomes	pepm
specI-1354301_120_37	progenomes	pepm
specI-1355368_42_12	progenomes	pepm
specI-1355368_42_6	progenomes	pepm
specI-1357272_31_11	progenomes	pepm
specI-1357279_1_2215	progenomes	pepm
specI-1357400_2_142	progenomes	pepm
specI-1366050_1_918	progenomes	pepm
specI-1380394_11_274	progenomes	pepm
specI-1384065_1_1357	progenomes	pepm
specI-1384065_1_3247	progenomes	pepm
specI-1384065_1_3253	progenomes	pepm
specI-1387312_5_57	progenomes	pepm
specI-1388763_1_475	progenomes	pepm
specI-1392491_1_588	progenomes	pepm
specI-1397282_12_88	progenomes	pepm
specI-140626_13_448	progenomes	pepm
specI-1408304_10_76	progenomes	pepm
specI-1408305_3_40	progenomes	pepm
specI-1408319_9_37	progenomes	pepm
specI-1408324_9_38	progenomes	pepm
specI-1408430_4_105	progenomes	pepm
specI-1408437_39_25	progenomes	pepm
specI-1410609_1_269	progenomes	pepm
specI-1410609_1_92	progenomes	pepm
specI-1410617_11_20	progenomes	pepm
specI-1410631_22_8	progenomes	pepm
specI-1410633_1_206	progenomes	pepm
specI-1410638_32_22	progenomes	pepm
specI-1410650_10_3	progenomes	pepm
specI-1410666_16_6	progenomes	pepm
specI-1410671_10_95	progenomes	pepm
specI-1410676_62_7	progenomes	pepm
specI-1415541_1_25	progenomes	pepm
specI-1415542_232_85	progenomes	pepm
specI-1415544_190_129	progenomes	pepm
specI-1415545_169_14	progenomes	pepm
specI-1415546_232_13	progenomes	pepm
specI-1415549_1_390	progenomes	pepm
specI-1415550_14_57	progenomes	pepm
specI-1415551_429_25	progenomes	pepm
specI-1415552_126_110	progenomes	pepm
specI-1415554_35_92	progenomes	pepm
specI-1415555_184_32	progenomes	pepm
specI-1415556_37_111	progenomes	pepm
specI-1415557_15_13	progenomes	pepm
specI-1415560_267_37	progenomes	pepm
specI-1415561_164_33	progenomes	pepm
specI-1415562_9_7	progenomes	pepm
specI-1415563_216_141	progenomes	pepm
specI-1415755_2_261	progenomes	pepm
specI-1423686_36_143	progenomes	pepm
specI-1427391_113_72	progenomes	pepm
specI-1449976_1_5539	progenomes	pepm
specI-1458357_31_56	progenomes	pepm
specI-145996_503_15	progenomes	pepm
specI-1461693_5_266	progenomes	pepm
specI-1463821_3_400	progenomes	pepm
specI-1463825_14_24	progenomes	pepm
specI-1463826_3_69	progenomes	pepm
specI-1463827_10_115	progenomes	pepm
specI-1463828_3_131	progenomes	pepm
specI-1463829_23_34	progenomes	pepm
specI-1463830_15_20	progenomes	pepm
specI-1463831_42_139	progenomes	pepm
specI-1463834_66_12	progenomes	pepm
specI-1463835_104_58	progenomes	pepm
specI-1463839_15_114	progenomes	pepm
specI-1463840_53_28	progenomes	pepm
specI-1463841_2_176	progenomes	pepm
specI-1463842_14_59	progenomes	pepm
specI-1463843_25_48	progenomes	pepm
specI-1463846_1_463	progenomes	pepm
specI-1463847_16_117	progenomes	pepm
specI-1463848_16_117	progenomes	pepm
specI-1463849_18_93	progenomes	pepm
specI-1463850_12_110	progenomes	pepm
specI-1463856_4_70	progenomes	pepm
specI-1463861_19_86	progenomes	pepm
specI-1463863_45_26	progenomes	pepm
specI-1463865_13_25	progenomes	pepm
specI-1463866_53_30	progenomes	pepm
specI-1463869_20_16	progenomes	pepm
specI-1463870_27_141	progenomes	pepm
specI-1463874_39_38	progenomes	pepm
specI-1463875_179_2	progenomes	pepm
specI-1463877_2_115	progenomes	pepm
specI-1463878_4_58	progenomes	pepm
specI-1463879_2_259	progenomes	pepm
specI-1463880_31_29	progenomes	pepm
specI-1463881_9_97	progenomes	pepm
specI-1463885_102_5	progenomes	pepm
specI-1463886_25_30	progenomes	pepm
specI-1463888_7_15	progenomes	pepm
specI-1463890_45_22	progenomes	pepm
specI-1463891_60_1	progenomes	pepm
specI-1463893_27_95	progenomes	pepm
specI-1463894_29_52	progenomes	pepm
specI-1463895_1_201	progenomes	pepm
specI-1463896_11_120	progenomes	pepm
specI-1463897_1_92	progenomes	pepm
specI-1463905_79_20	progenomes	pepm
specI-1463906_122_19	progenomes	pepm
specI-1463907_40_137	progenomes	pepm
specI-1463908_2_81	progenomes	pepm
specI-1463909_6_89	progenomes	pepm
specI-1463911_5_71	progenomes	pepm
specI-1463912_10_31	progenomes	pepm
specI-1463913_5_373	progenomes	pepm
specI-1463914_9_108	progenomes	pepm
specI-1463915_21_213	progenomes	pepm
specI-1463917_13_268	progenomes	pepm
specI-1463918_58_17	progenomes	pepm
specI-1463920_5_168	progenomes	pepm
specI-1463921_25_49	progenomes	pepm
specI-1463922_21_126	progenomes	pepm
specI-1463923_62_54	progenomes	pepm
specI-1463924_22_114	progenomes	pepm
specI-1463925_47_51	progenomes	pepm
specI-1463927_14_93	progenomes	pepm
specI-1463928_17_95	progenomes	pepm
specI-1463929_34_15	progenomes	pepm
specI-1463930_3_68	progenomes	pepm
specI-1463931_52_15	progenomes	pepm
specI-1463933_30_56	progenomes	pepm
specI-1463935_40_91	progenomes	pepm
specI-1463936_31_57	progenomes	pepm
specI-1463936_6_256	progenomes	pepm
specI-1463979_3604_2	progenomes	pepm
specI-1464056_2_67	progenomes	pepm
specI-1464077_14_298	progenomes	pepm
specI-1472716_1_89	progenomes	pepm
specI-1487953_2_407	progenomes	pepm
specI-1499689_4_1872	progenomes	pepm
specI-1500897_2_3077	progenomes	pepm
specI-1501230_33_137	progenomes	pepm
specI-1519471_215_194	progenomes	pepm
specI-1519473_256_9	progenomes	pepm
specI-1519475_206_34	progenomes	pepm
specI-1519476_251_30	progenomes	pepm
specI-1519477_13_116	progenomes	pepm
specI-1519478_145_55	progenomes	pepm
specI-1519479_2_86	progenomes	pepm
specI-1519480_92_112	progenomes	pepm
specI-1519481_118_97	progenomes	pepm
specI-1519482_185_106	progenomes	pepm
specI-1519483_125_114	progenomes	pepm
specI-1519485_178_140	progenomes	pepm
specI-1519486_59_106	progenomes	pepm
specI-1519487_120_110	progenomes	pepm
specI-1519488_156_55	progenomes	pepm
specI-1519489_253_143	progenomes	pepm
specI-1519490_248_55	progenomes	pepm
specI-1519491_96_96	progenomes	pepm
specI-1519492_80_30	progenomes	pepm
specI-1519493_195_49	progenomes	pepm
specI-1519494_79_53	progenomes	pepm
specI-1519495_81_23	progenomes	pepm
specI-1519496_146_8	progenomes	pepm
specI-1519497_69_23	progenomes	pepm
specI-1519498_170_7	progenomes	pepm
specI-1548018_178_978	progenomes	pepm
specI-158189_1_270	progenomes	pepm
specI-158190_1_1520	progenomes	pepm
specI-159290_10_19	progenomes	pepm
specI-159450_14_145	progenomes	pepm
specI-1609133_1217_9	progenomes	pepm
specI-1609134_201_7	progenomes	pepm
specI-1609135_411_12	progenomes	pepm
specI-1609137_51_34	progenomes	pepm
specI-1615590_2146_5	progenomes	pepm
specI-1677920_66_3	progenomes	pepm
specI-1820025_110_29	progenomes	pepm
specI-1820025_89_15	progenomes	pepm
specI-1820025_99_92	progenomes	pepm
specI-1890_277_97	progenomes	pepm
specI-1892_9_449	progenomes	pepm
specI-1896_92_32	progenomes	pepm
specI-1905730_1_580	progenomes	pepm
specI-1914_2_18	progenomes	pepm
specI-1927_2_69	progenomes	pepm
specI-193461_17_54	progenomes	pepm
specI-1938_299_50	progenomes	pepm
specI-1950_40_29	progenomes	pepm
specI-1954_3_752	progenomes	pepm
specI-1960_21_12	progenomes	pepm
specI-1961_7_92	progenomes	pepm
specI-196367_14_68	progenomes	pepm
specI-1993_94_6	progenomes	pepm
specI-2065_12_44	progenomes	pepm
specI-2066_105_5	progenomes	pepm
specI-2074_11_32	progenomes	pepm
specI-211165_81_2	progenomes	pepm
specI-212717_1_1751	progenomes	pepm
specI-213810_1_1106	progenomes	pepm
specI-216591_2_1252	progenomes	pepm
specI-218491_1_484	progenomes	pepm
specI-219305_4_944	progenomes	pepm
specI-220664_1_2135	progenomes	pepm
specI-221027_1_1913	progenomes	pepm
specI-226186_1_1765	progenomes	pepm
specI-237368_195_10	progenomes	pepm
specI-243160_2_1587	progenomes	pepm
specI-243275_1_1329	progenomes	pepm
specI-246199_75_69	progenomes	pepm
specI-247634_29_322	progenomes	pepm
specI-249567_40_17	progenomes	pepm
specI-266264_1_1813	progenomes	pepm
specI-266265_2_792	progenomes	pepm
specI-266835_2_87	progenomes	pepm
specI-269482_2_1362	progenomes	pepm
specI-272559_1_1805	progenomes	pepm
specI-272560_2_532	progenomes	pepm
specI-272560_2_633	progenomes	pepm
specI-2754_2_94	progenomes	pepm
specI-281186_7_92	progenomes	pepm
specI-285575_2694_3	progenomes	pepm
specI-290402_1_4470	progenomes	pepm
specI-292_2_333	progenomes	pepm
specI-311402_1_2660	progenomes	pepm
specI-311403_2_698	progenomes	pepm
specI-314270_5_1163	progenomes	pepm
specI-314278_1_1508	progenomes	pepm
specI-316056_1_3901	progenomes	pepm
specI-32057_11_136	progenomes	pepm
specI-325777_1_643	progenomes	pepm
specI-326424_1_5640	progenomes	pepm
specI-330214_1_2703	progenomes	pepm
specI-334858_45_75	progenomes	pepm
specI-33876_15_101	progenomes	pepm
specI-338966_1_2135	progenomes	pepm
specI-339670_2_311	progenomes	pepm
specI-342113_1_2482	progenomes	pepm
specI-342113_2_1707	progenomes	pepm
specI-342113_2_851	progenomes	pepm
specI-342113_2_946	progenomes	pepm
specI-349520_1_4292	progenomes	pepm
specI-349520_1_4690	progenomes	pepm
specI-350701_2_401	progenomes	pepm
specI-352165_90_60	progenomes	pepm
specI-35619_351_9	progenomes	pepm
specI-357276_1_2024	progenomes	pepm
specI-35754_197_5	progenomes	pepm
specI-358823_10_90	progenomes	pepm
specI-359131_358_15	progenomes	pepm
specI-359159_14_115	progenomes	pepm
specI-363754_88_71	progenomes	pepm
specI-363754_90_61	progenomes	pepm
specI-36816_235_27	progenomes	pepm
specI-371720_15_19	progenomes	pepm
specI-37372_144_3	progenomes	pepm
specI-37372_260_1	progenomes	pepm
specI-37659_1_2776	progenomes	pepm
specI-38312_26_160	progenomes	pepm
specI-384676_1_3592	progenomes	pepm
specI-388467_1_2712	progenomes	pepm
specI-391038_2_722	progenomes	pepm
specI-395019_2_1326	progenomes	pepm
specI-397288_23_56	progenomes	pepm
specI-397291_1_194	progenomes	pepm
specI-398527_2_2003	progenomes	pepm
specI-411479_4_264	progenomes	pepm
specI-42198_2425_2	progenomes	pepm
specI-428125_13_15	progenomes	pepm
specI-43357_10_37	progenomes	pepm
specI-43759_26_16	progenomes	pepm
specI-439235_1_1318	progenomes	pepm
specI-446470_1_5626	progenomes	pepm
specI-449673_6_118	progenomes	pepm
specI-452652_1_2241	progenomes	pepm
specI-463191_1_240	progenomes	pepm
specI-483216_18_947	progenomes	pepm
specI-483218_8_1117	progenomes	pepm
specI-500640_10_1542	progenomes	pepm
specI-513049_75_4	progenomes	pepm
specI-513049_87_32	progenomes	pepm
specI-537011_21_79	progenomes	pepm
specI-537971_49_339	progenomes	pepm
specI-543632_14_97	progenomes	pepm
specI-545693_1_690	progenomes	pepm
specI-545694_1_1625	progenomes	pepm
specI-545695_1_116	progenomes	pepm
specI-546271_1_335	progenomes	pepm
specI-552396_4_335	progenomes	pepm
specI-553184_8_211	progenomes	pepm
specI-555088_28_101	progenomes	pepm
specI-555779_2_9	progenomes	pepm
specI-556267_21_247	progenomes	pepm
specI-561230_1_472	progenomes	pepm
specI-561231_1_548	progenomes	pepm
specI-572265_1_197	progenomes	pepm
specI-572480_1_2940	progenomes	pepm
specI-573413_1_4212	progenomes	pepm
specI-58116_14_320	progenomes	pepm
specI-58340_4526_2	progenomes	pepm
specI-585501_41_11	progenomes	pepm
specI-585503_18_319	progenomes	pepm
specI-589865_1_1872	progenomes	pepm
specI-590061_118_7	progenomes	pepm
specI-591158_4_1176	progenomes	pepm
specI-591159_1_1042	progenomes	pepm
specI-59374_1_1380	progenomes	pepm
specI-596324_54_8	progenomes	pepm
specI-60547_18_97	progenomes	pepm
specI-613026_1_451	progenomes	pepm
specI-613026_9_173	progenomes	pepm
specI-622312_84_15	progenomes	pepm
specI-626418_2_1319	progenomes	pepm
specI-62928_1_2690	progenomes	pepm
specI-632245_9_2096	progenomes	pepm
specI-633147_1_590	progenomes	pepm
specI-634503_1_2348	progenomes	pepm
specI-638302_8_373	progenomes	pepm
specI-640510_2_1593	progenomes	pepm
specI-640511_2_206	progenomes	pepm
specI-640512_2_751	progenomes	pepm
specI-641107_1_5021	progenomes	pepm
specI-642492_1_3562	progenomes	pepm
specI-65497_23_31	progenomes	pepm
specI-656519_1_40	progenomes	pepm
specI-66429_6_391	progenomes	pepm
specI-664693_46_15	progenomes	pepm
specI-665571_1_1532	progenomes	pepm
specI-666686_1_696	progenomes	pepm
specI-66874_18_138	progenomes	pepm
specI-66888_916_3	progenomes	pepm
specI-67257_26_69	progenomes	pepm
specI-67267_27_42	progenomes	pepm
specI-67275_3_42	progenomes	pepm
specI-67281_102_10	progenomes	pepm
specI-67297_21_63	progenomes	pepm
specI-67330_6699_2	progenomes	pepm
specI-67351_2_519	progenomes	pepm
specI-67352_209_7	progenomes	pepm
specI-67356_5_43	progenomes	pepm
specI-67373_1_370	progenomes	pepm
specI-679201_2_380	progenomes	pepm
specI-68194_2_27	progenomes	pepm
specI-68201_23_113	progenomes	pepm
specI-68223_22_80	progenomes	pepm
specI-68228_39_106	progenomes	pepm
specI-68242_106_7	progenomes	pepm
specI-68244_16_30	progenomes	pepm
specI-68253_32_76	progenomes	pepm
specI-68260_40_20	progenomes	pepm
specI-68263_169_76	progenomes	pepm
specI-689781_39_8	progenomes	pepm
specI-69484_216_13	progenomes	pepm
specI-696747_1_27	progenomes	pepm
specI-697284_1_1798	progenomes	pepm
specI-697284_1_1928	progenomes	pepm
specI-697329_1_1358	progenomes	pepm
specI-698761_3_275	progenomes	pepm
specI-702437_3_5	progenomes	pepm
specI-706191_1_3313	progenomes	pepm
specI-711393_12_114	progenomes	pepm
specI-717227_164_13	progenomes	pepm
specI-718255_1_1815	progenomes	pepm
specI-73044_5_276	progenomes	pepm
specI-742741_11_71	progenomes	pepm
specI-744872_1_1329	progenomes	pepm
specI-754027_28_7	progenomes	pepm
specI-754502_1_737	progenomes	pepm
specI-758793_1_737	progenomes	pepm
specI-80858_196_3	progenomes	pepm
specI-80858_5_65	progenomes	pepm
specI-82996_1_3343	progenomes	pepm
specI-83378_27_42	progenomes	pepm
specI-84725_158_14	progenomes	pepm
specI-86106_1_410	progenomes	pepm
specI-864563_1_1479	progenomes	pepm
specI-86668_145_28	progenomes	pepm
specI-869212_1_2328	progenomes	pepm
specI-871203_5_208	progenomes	pepm
specI-877420_22_4	progenomes	pepm
specI-877421_16_14	progenomes	pepm
specI-877424_45_4	progenomes	pepm
specI-879310_11_54	progenomes	pepm
specI-880072_1_2272	progenomes	pepm
specI-882378_2_483	progenomes	pepm
specI-904296_1_1752	progenomes	pepm
specI-904296_1_630	progenomes	pepm
specI-906968_1_275	progenomes	pepm
specI-913337_32_8	progenomes	pepm
specI-91352_2_174	progenomes	pepm
specI-926551_22_6	progenomes	pepm
specI-927658_5_1320	progenomes	pepm
specI-929794_6_37	progenomes	pepm
specI-931276_1_4545	progenomes	pepm
specI-93220_1_3379	progenomes	pepm
specI-932677_1_2818	progenomes	pepm
specI-935543_9_1828	progenomes	pepm
specI-935557_3_236	progenomes	pepm
specI-936572_39_12	progenomes	pepm
specI-936573_13_7	progenomes	pepm
specI-944435_20_46	progenomes	pepm
specI-944559_76_2	progenomes	pepm
specI-948106_48_65	progenomes	pepm
specI-95486_2_373	progenomes	pepm
specI-97139_6_115	progenomes	pepm
specI-985665_1_1316	progenomes	pepm
specI-985867_7_6	progenomes	pepm
specI-994479_2_1611	progenomes	pepm
specI-997346_1_3338	progenomes	pepm
specI-999423_1_1336	progenomes	pepm
specI-999541_2_1378	progenomes	pepm
AG-337-N21__00604_2182664	sar116	pepm
AG-670-B23__01310_2183028	synechococcus	pepm
AG-676-A21__01168_2183088	synechococcus	pepm
CAMPEP_0191523192_2800	eukaryote	pepm
CAMPEP_0193861158_2865	eukaryote	pepm
CAMPEP_0190649106_2867	eukaryote	pepm
CAMPEP_0198064120_2918	eukaryote	pepm
CAMPEP_0186182368_2924	eukaryote	pepm
CAMPEP_0186311506_2924	eukaryote	pepm
CAMPEP_0186324440_2924	eukaryote	pepm
CAMPEP_0200555154_2924	eukaryote	pepm
CAMPEP_0192410182_2949	eukaryote	pepm
CAMPEP_0192459232_2949	eukaryote	pepm
CAMPEP_0192482894_2949	eukaryote	pepm
CAMPEP_0192592930_2949	eukaryote	pepm
CAMPEP_0199569368_2949	eukaryote	pepm
CAMPEP_0190332348_2969	eukaryote	pepm
CAMPEP_0190394086_2969	eukaryote	pepm
Tetrahymena-thermophila-XP_001008466.1_26372_5911	eukaryote	pepm
Perkinsus-marinus-ATCC50983-XP_002785690.1_3256_31276	eukaryote	pepm
Perkinsus-marinus-ATCC50983-XP_002788335.1_612_31276	eukaryote	pepm
CAMPEP_0191476200_36882	eukaryote	pepm
CAMPEP_0199766852_41953	eukaryote	pepm
CAMPEP_0191877004_54902	eukaryote	pepm
CAMPEP_0191975976_54902	eukaryote	pepm
CAMPEP_0199196016_54902	eukaryote	pepm
Ostreococcus-RCC809-XP_33135.1_3449_70447	eukaryote	pepm
Sphaeroforma-arctica-JP610-XP_014157096.1_4710_72019	eukaryote	pepm
CAMPEP_0113760212_73025	eukaryote	pepm
CAMPEP_0200400868_73025	eukaryote	pepm
CAMPEP_0188984768_156230	eukaryote	pepm
CAMPEP_0189007540_156230	eukaryote	pepm
CAMPEP_0189263206_156230	eukaryote	pepm
CAMPEP_0189345644_156230	eukaryote	pepm
CAMPEP_0200845830_157684	eukaryote	pepm
CAMPEP_0188237850_160619	eukaryote	pepm
CAMPEP_0188266872_160619	eukaryote	pepm
CAMPEP_0189713826_160619	eukaryote	pepm
CAMPEP_0189924074_160619	eukaryote	pepm
CAMPEP_0189978732_160620	eukaryote	pepm
CAMPEP_0199974246_400754	eukaryote	pepm
CAMPEP_0200952604_515469	eukaryote	pepm
CAMPEP_0193522354_543769	eukaryote	pepm
CAMPEP_0186780124_632149	eukaryote	pepm
CAMPEP_0199489308_665866	eukaryote	pepm